Date,Message
2026-05-23,"🔔 DAY 143 (SATURDAY, MAY 23, 2026)\n⛰️ ASCENDING MOUNT HOREB (AMH) – DAY 9 OF 40\n📖 JOSHUA 1–2\n\n🛐 Daily Insight (Swedenborg-inspired)\nThe transition from Moses to Joshua represents the shift from the literal instruction of the law to the active combat of living truth. Swedenborg teaches that entering Canaan signifies the church being established in the human soul. Rahab’s scarlet cord represents the saving power of genuine good within the heart, protecting us even in the midst of spiritual warfare.\n\n🙏 Prayer\nLord, make me strong and courageous as I step into this new territory of faith. Let Your presence walk with me, and let the truth guide every boundary I cross today. Amen."
2026-05-24,"🔔 DAY 144 (SUNDAY, MAY 24, 2026)\n⛰️ ASCENDING MOUNT HOREB (AMH) – DAY 10 OF 40\n📖 JOSHUA 3–4\n\n🛐 Daily Insight (Swedenborg-inspired)\nThe parting of the Jordan River represents introduction into the church and the initial removal of falsities that block our spiritual progress. Swedenborg notes that the twelve stones taken from the dry riverbed symbolize the foundational truths of the Word, which must be firmly established in our memory to remember the Lord's deliverance.\n\n🙏 Prayer\nFather, part every obstacle that stands between me and Your promises. Establish Your truths deep in my memory, that I may always declare Your marvelous works in my life. Amen."
2026-05-25,"🔔 DAY 145 (MONDAY, MAY 25, 2026)\n⛰️ ASCENDING MOUNT HOREB (AMH) – DAY 11 OF 40\n📖 JOSHUA 5–6\n\n🛐 Daily Insight (Swedenborg-inspired)\nThe collapse of the walls of Jericho represents the overthrow of deeply rooted evils and false principles. Swedenborg explains that shouting and blowing the trumpets symbolize the powerful proclamation of Divine Truth from a heart full of love. When the Word is proclaimed in true faith, the defensive walls of our ego fall.\n\n🙏 Prayer\nLord, let the walls of pride, doubt, and limitation crumble before Your presence. Bring down every internal stronghold that resists Your holy spirit in my life. Amen."
2026-05-26,"🔔 DAY 146 (TUESDAY, MAY 26, 2026)\n⛰️ ASCENDING MOUNT HOREB (AMH) – DAY 12 OF 40\n📖 JOSHUA 7–8\n\n🛐 Daily Insight (Swedenborg-inspired)\nAchan’s hidden sin and the initial defeat at Ai show how hidden selfishness disrupts our spiritual protection. Swedenborg teaches that spiritual victory is impossible while we secretly harbor or justify what is evil. True restoration and victory at Ai follow inner purification and complete transparency before the Lord.\n\n🙏 Prayer\nSearch me, O God, and know my heart. Cleanse me from secret faults and help me live a life of complete integrity, so that Your power may rest upon me completely. Amen."
2026-05-27,"🔔 DAY 147 (WEDNESDAY, MAY 27, 2026)\n⛰️ ASCENDING MOUNT HOREB (AMH) – DAY 13 OF 40\n📖 JOSHUA 9–10\n\n🛐 Daily Insight (Swedenborg-inspired)\nThe deception of the Gibeonites warns against relying on mere natural appearances without seeking divine counsel. Swedenborg teaches that the sun standing still in Gibeon represents the constant, undiminished flow of Divine Love and Light provided by the Lord when His people are engaged in spiritual combat against negativity.\n\n🙏 Prayer\nFather, grant me spiritual discernment so I am not deceived by outward appearances. I thank You for Your unwavering light that shines upon my battles, giving me total victory. Amen."
2026-05-28,"🔔 DAY 148 (THURSDAY, MAY 28, 2026)\n⛰️ ASCENDING MOUNT HOREB (AMH) – DAY 14 OF 40\n📖 JOSHUA 11–12\n\n🛐 Daily Insight (Swedenborg-inspired)\nThe systematic conquest of the northern kings signifies the complete subjugation of diverse spiritual errors. Swedenborg explains that hamstrings on the enemy's horses represent disabling the destructive power of a perverted natural understanding. The Lord gives total rest once our lower nature is brought into subjection.\n\n🙏 Prayer\nLord, disable every thought pattern and force that seeks to pull me away from Your order. Subdue every inner enemy and bring my mind into perfect alignment with Your peace. Amen."
2026-05-29,"🔔 DAY 149 (FRIDAY, MAY 29, 2026)\n⛰️ ASCENDING MOUNT HOREB (AMH) – DAY 15 OF 40\n📖 JOSHUA 13–14\n\n🛐 Daily Insight (Swedenborg-inspired)\nCaleb’s request for the mountain country at an advanced age shows that spiritual strength does not fade with time. Swedenborg teaches that inheriting specific lands corresponds to the unique placement of truths within our spiritual economy. Wholeness requires us to claim every spiritual gift the Lord has allotted to us.\n\n🙏 Prayer\nFather, give me the persistent faith of Caleb to claim my spiritual inheritance. Renew my strength daily during this fast, and let me possess the high places You have promised me. Amen."
2026-05-30,"🔔 DAY 150 (SATURDAY, MAY 30, 2026)\n⛰️ ASCENDING MOUNT HOREB (AMH) – DAY 16 OF 40\n📖 JOSHUA 15–17\n\n🛐 Daily Insight (Swedenborg-inspired)\nThe allotment of land to Judah, Ephraim, and Manasseh represents how different principles of love and faith are organized within the human mind. Swedenborg notes that when daughters request inheritances, it signifies that pure affections for truth have a legitimate and honored place in the Lord's kingdom.\n\n🙏 Prayer\nLord, organize my mind according to Your heavenly design. Let my love for Your truth find its rightful place, bearing fruit that honors Your name. Amen."
2026-05-31,"🔔 DAY 151 (SUNDAY, MAY 31, 2026)\n⛰️ ASCENDING MOUNT HOREB (AMH) – DAY 17 OF 40\n📖 JOSHUA 18–20\n\n🛐 Daily Insight (Swedenborg-inspired)\nThe setting up of the Tabernacle at Shiloh and the establishment of the cities of refuge represent the centering of worship and divine mercy. Swedenborg explains that the cities of refuge symbolize the protection the Lord provides to those who make errors out of ignorance rather than malice, shielding them from spiritual condemnation.\n\n🙏 Prayer\nFather, be my sanctuary and my city of refuge. Protect my mind from the accusations of the adversary, and let Your mercy envelope me as I seek to walk uprightly. Amen."
2026-06-01,"🔔 DAY 152 (MONDAY, JUNE 1, 2026)\n⛰️ ASCENDING MOUNT HOREB (AMH) – DAY 18 OF 40\n📖 JOSHUA 21–22\n\n🛐 Daily Insight (Swedenborg-inspired)\nThe Levites receiving cities scattered among all the tribes shows that spiritual devotion must permeate every aspect of life. Swedenborg notes that the misunderstanding over the altar built by the eastern tribes teaches that true worship is internal unity of spirit, not merely external appearance or ritual conformity.\n\n🙏 Prayer\nLord, let Your spirit saturate every department of my life. Keep me unified with my brethren in true love, looking beyond outward perceptions to the sincerity of the heart. Amen."
2026-06-02,"🔔 DAY 153 (TUESDAY, JUNE 2, 2026)\n⛰️ ASCENDING MOUNT HOREB (AMH) – DAY 19 OF 40\n📖 JOSHUA 23–24\n\n🛐 Daily Insight (Swedenborg-inspired)\nJoshua’s final charge—""Choose this day whom you will serve""—sets the ultimate law of human free will. Swedenborg teaches that true faith can only be received and kept in freedom. When we declare, ""As for me and my house, we will serve the Lord,"" we permanently bind our inner life to heaven.\n\n🙏 Prayer\nFather, with my whole heart and free will, I choose to serve You today and always. Let my household be a temple of Your presence, and let my life seal this covenant forever. Amen."
2026-06-03,"🔔 DAY 154 (WED, JUNE 3, 2026) ⛰️ AMH – DAY 20 OF 40\n📖 Acts 1–2\n\n🛐 Daily Insight (Swedenborg-inspired):\nJesus’ final instructions urge the disciples to wait for the Holy Spirit—a symbol of Divine Truth flowing into receptive hearts. The descent at Pentecost, with tongues of fire, signifies that the Lord’s spirit can fill all people who desire to love and understand truth. In the New Church, the outpouring of the Spirit marks the opening of our understanding to heavenly life and the power to witness to Divine Truth (Acts 2:1-4).\n\n🙏 Prayer:\nLord, as You once filled the disciples, fill me with Your Spirit today. Open my mind to Your wisdom and let the fire of Your love rest upon my heart. Let me serve and witness in Your name. Amen."
2026-06-04,"🔔 DAY 155 (THU, JUNE 4, 2026) ⛰️ AMH – DAY 21 OF 40\n📖 Acts 3–4\n\n🛐 Daily Insight (Swedenborg-inspired):\nPeter heals a lame man, showing that the Lord still brings wholeness to broken places in our lives. “Silver and gold have I none, but such as I have, give I thee.” True healing flows from faith and charity—not material things, but the living power of the Lord within us. When challenged, the apostles’ courage is from the Spirit, teaching us that heavenly power is granted when we rely on the Lord and speak in truth (Acts 3:6, 4:8).\n\n🙏 Prayer:\nLord, let me share what I receive from You—spiritual wholeness, healing, and courage. Make my words and actions a testimony to Your living presence. Amen."
2026-06-05,"🔔 DAY 156 (FRI, JUNE 5, 2026) ⛰️ AMH – DAY 22 OF 40\n📖 Acts 5–6\n\n🛐 Daily Insight (Swedenborg-inspired):\nThe story of Ananias and Sapphira is a warning about hypocrisy in spiritual life; external profession without internal truth suffocates the soul. The apostles continue to work miracles, symbolizing how true faith, joined with charity, brings transformation. The ordination of deacons shows that the Church thrives when all serve according to their spiritual gifts (Acts 5:1-10, 6:3).\n\n🙏 Prayer:\nO Lord, purify my intentions. Let my service and gifts be fully consecrated to You. Breathe into me both truth and love, that my life may honor You in all things. Amen."
2026-06-06,"🔔 DAY 157 (SAT, JUNE 6, 2026) ⛰️ AMH – DAY 23 OF 40\n📖 Acts 7\n\n🛐 Daily Insight (Swedenborg-inspired):\nStephen’s speech traces the faith journey from Abraham to Christ, showing history as a living parable. His martyrdom reflects the resistance of the ego (the “old man”) to Divine Truth. Yet as Stephen beholds the heavens opened, we learn that those who remain in faith, even under trial, receive inward sight of heavenly realities (Acts 7:55-56).\n\n🙏 Prayer:\nHeavenly Father, help me to see above earthly trials to Your eternal kingdom. Strengthen me to bear witness with courage and forgive, as Stephen did, from a spirit of love. Amen."
2026-06-07,"🔔 DAY 158 (SUN, JUNE 7, 2026) ⛰️ AMH – DAY 24 OF 40\n📖 Acts 8–9\n\n🛐 Daily Insight (Swedenborg-inspired):\nThe conversion of Saul reveals how Divine Truth, even when resisted, can transform the hardest heart. Philip’s guidance of the Ethiopian shows that everyone seeking truth can find it when led by the Lord. The true miracle is not just healing or signs, but the change of our inner vision—spiritual rebirth (Acts 9:3-18).\n\n🙏 Prayer:\nLord, remove my spiritual blindness and give me sight to know You. May my life, like Paul’s, be transformed by Your call and Your light within me. Amen."
2026-06-08,"🔔 DAY 159 (MON, JUNE 8, 2026) ⛰️ AMH – DAY 25 OF 40\n📖 Acts 10\n\n🛐 Daily Insight (Swedenborg-inspired):\nPeter’s vision of the clean and unclean animals teaches that the Lord’s love and truth are offered to everyone—no one is spiritually unclean who receives the Lord in heart and life. The true Church is universal, formed of all who accept the influx of Divine life (Acts 10:34-35).\n\n🙏 Prayer:\nLord, expand my heart to embrace all Your children. Help me see beyond externals to the living spirit within, and let Your love break down every barrier. Amen."
2026-06-09,"🔔 DAY 160 (TUE, JUNE 9, 2026) ⛰️ AMH – DAY 26 OF 40\n📖 Acts 11–12\n\n🛐 Daily Insight (Swedenborg-inspired):\nPeter explains that the Holy Spirit is given to all who turn to God, affirming again the inclusivity of Divine mercy. The Church faces persecution, but miracles—like Peter’s deliverance—show that the Lord’s providence is still at work, opening doors in every prison (Acts 12:5-7).\n\n🙏 Prayer:\nLord, in times of trial and uncertainty, remind me that You open ways where none seem possible. Strengthen my faith and help me trust Your unseen hand. Amen."
2026-06-10,"🔔 DAY 161 (WED, JUNE 10, 2026) ⛰️ AMH – DAY 27 OF 40\n📖 Acts 13\n\n🛐 Daily Insight (Swedenborg-inspired):\nPaul’s first missionary journey begins, showing that truth proceeds from the Lord and travels far to reach open minds and hearts. Spiritual journeys are journeys of enlightenment—receiving, then spreading, the Word (Acts 13:2-3).\n\n🙏 Prayer:\nUse me, Lord, as Your messenger wherever You lead. Let my words reflect Your truth and my life Your love, so that others may be touched by You through me. Amen."
2026-06-11,"🔔 DAY 162 (THU, JUNE 11, 2026) ⛰️ AMH – DAY 28 OF 40\n📖 Acts 14–15\n\n🛐 Daily Insight (Swedenborg-inspired):\nThe apostles face both acceptance and resistance. The council at Jerusalem resolves disputes, showing that unity in the Church comes when love is joined with truth. The Church grows not when we impose burdens, but when we encourage faith expressing itself through love (Acts 15:28-29).\n\n🙏 Prayer:\nLord, help me value harmony and peace. Let me live according to Your Spirit—holding fast to truth and abounding in love—so that my life may be a blessing to others. Amen."
2026-06-12,"🔔 DAY 163 (FRI, JUNE 12, 2026) ⛰️ AMH – DAY 29 OF 40\n📖 Acts 16–17\n\n🛐 Daily Insight (Swedenborg-inspired):\nPaul and Silas sing in prison; the jailer is converted. Joy and faith are born not from circumstances, but from the Lord’s presence within. The noble Bereans remind us to receive the Word eagerly and search the Scriptures daily (Acts 16:25-34, 17:11).\n\n🙏 Prayer:\nO Lord, when darkness surrounds me, let Your light and joy rise within. Make my heart steadfast in searching Your Word, trusting Your presence in every trial. Amen."
2026-06-13,"🔔 DAY 164 (SAT, JUNE 13, 2026) ⛰️ AMH – DAY 30 OF 40\n📖 Acts 18–19\n\n🛐 Daily Insight (Swedenborg-inspired):\nThe teaching and healing in Corinth and Ephesus reveal that whenever Divine Truth is received, spiritual communities grow. Opposition may arise, but the genuine work of the Spirit brings transformation. True worshipers receive and act from the Lord’s love (Acts 18:9-10, 19:18-20).\n\n🙏 Prayer:\nLord, establish Your Church within my heart. Let me be open to instruction and bold in sharing Your love and truth wherever I go. Amen."
2026-06-14,"🔔 DAY 165 (SUN, JUNE 14, 2026) ⛰️ AMH – DAY 31 OF 40\n📖 Acts 20–21\n\n🛐 Daily Insight (Swedenborg-inspired):\nPaul’s farewell to the Ephesians reminds us that ministry is service, and that each of us is a shepherd, watching over our spiritual flock. There will be trials, but the Lord’s grace is sufficient for every need (Acts 20:24, 32).\n\n🙏 Prayer:\nLord, keep me faithful in the care of all You entrust to me. Let Your grace and Word sustain me, and guide my steps in love. Amen."
2026-06-15,"🔔 DAY 166 (MON, JUNE 15, 2026) ⛰️ AMH – DAY 32 OF 40\n📖 Acts 22–23\n\n🛐 Daily Insight (Swedenborg-inspired):\nPaul’s testimony before the people and council shows that every spiritual journey involves witness and the courage to stand for what is right. Divine Providence continues to lead and protect all who live in sincerity and faith (Acts 23:11).\n\n🙏 Prayer:\nLord, empower me to stand for Your truth with humility and strength. Let my witness spring from love for You and for all people. Amen."
2026-06-16,"🔔 DAY 167 (TUE, JUNE 16, 2026) ⛰️ AMH – DAY 33 OF 40\n📖 Acts 24–25\n\n🛐 Daily Insight (Swedenborg-inspired):\nPaul’s trials before governors teach us to be patient and steadfast amid misunderstandings and delay. The Lord’s timing is purposeful, allowing our faith to deepen and our trust to be perfected (Acts 24:16).\n\n🙏 Prayer:\nFather, in seasons of waiting or adversity, help me rest in Your Providence. Strengthen my patience and let my hope in You remain unshaken. Amen."
2026-06-17,"🔔 DAY 168 (WED, JUNE 17, 2026) ⛰️ AMH – DAY 34 OF 40\n📖 Acts 26–28\n\n🛐 Daily Insight (Swedenborg-inspired):\nPaul bears witness to kings and is finally delivered to Rome, showing that the Lord can use all circumstances to spread the Gospel. The journey is never wasted when entrusted to Divine leading; every trial is turned into good and used for spiritual rebirth and sharing the Lord’s kingdom (Acts 28:30-31).\n\n🙏 Prayer:\nO Lord, use my journey—all my trials and blessings—for Your heavenly purposes. Make me ever willing to serve, testify, and trust in Your unfailing guidance. Amen."
2026-06-18,"🔔 DAY 169 (THU, JUNE 18, 2026) ⛰️ AMH – DAY 35 OF 40\n📖 Judges 1–2\n\n🛐 Daily Insight (Swedenborg-inspired):\nAs the Israelites begin possessing the land but fail to completely remove its corrupting inhabitants, we see our challenge to remove selfish tendencies from our hearts. Incomplete effort allows negative habits to remain and repeatedly trouble us. Yet, the Lord mercifully raises up deliverers—showing His continual effort to restore us and lead us toward spiritual freedom when we turn to Him (Judges 2:16-18; Arcana Coelestia 8595:2).\n\n🙏 Prayer:\nO Lord, show me where I leave selfishness unchallenged. Help me strive wholeheartedly for Your will, trusting in Your patient, leading love to deliver me. Amen."
2026-06-19,"🔔 DAY 170 (FRI, JUNE 19, 2026) ⛰️ AMH – DAY 36 OF 40\n📖 Judges 3–4\n\n🛐 Daily Insight (Swedenborg-inspired):\nThe cycles of oppression and deliverance reflect the spiritual battles within us. When evil gains ground, the Lord lets us feel its burden, not out of anger but so we choose good freely. Othniel, Ehud, and Deborah symbolize the power of truth and faith to set us free when we call on the Lord sincerely (Judges 3:9, 15; Judges 4:4-5). The Lord always gives new strength for renewal, no matter how many times we fall.\n\n🙏 Prayer:\nLord, when I stumble and become captive to selfishness, awaken me again. Send Your renewing truth, and help me rise with courage to follow You. Amen."
2026-06-20,"🔔 DAY 171 (SAT, JUNE 20, 2026) ⛰️ AMH – DAY 37 OF 40\n📖 Judges 5–6\n\n🛐 Daily Insight (Swedenborg-inspired):\nThe song of Deborah celebrates victory by the Lord’s hand, reminding us that real triumph over evil and falsity comes from Him alone, not our own strength. Gideon's call, despite his doubts, encourages us to trust Divine guidance even when we feel weak or insignificant. The Lord sees what is good in us and calls us to step forward with faith, assuring us that He is with us (Judges 6:12-16).\n\n🙏 Prayer:\nHeavy Father, let me sing Your praise for every spiritual victory. Strengthen my trust—remind me You are with me in every test, even when I feel least able. Amen."
2026-06-21,"🔔 DAY 172 (SUN, JUNE 21, 2026) ⛰️ AMH – DAY 38 OF 40\n📖 Judges 7–8\n\n🛐 Daily Insight (Swedenborg-inspired):\nGideon’s few are chosen by the Lord to face overwhelming odds, showing that spiritual victory is not from numbers or worldly strength, but from reliance on Divine power. When we act from simple faith, humbly acknowledging the Lord as our Deliverer, He removes the obstacles and brings peace (Judges 7:2-7; Psalms 20:7; Arcana Coelestia 1917).\n\n🙏 Prayer:\nLord, help me set aside pride and trust not in myself, but in Your might. May Your spirit guide my efforts, and grant victory through humility and faith. Amen."
2026-06-22,"🔔 DAY 173 (MON, JUNE 22, 2026) ⛰️ AMH – DAY 39 OF 40\n📖 Judges 9\n\n🛐 Daily Insight (Swedenborg-inspired):\nThe story of Abimelech warns of the dangers of self-love and selfish ambition. When we act for our own glory rather than the Lord’s, conflict and destruction soon follow. True leadership—and true peace—are grounded in service to the Lord and others, not in domination or pride (Judges 9:7-15; The Doctrine of the New Jerusalem Regarding the Sacred Scripture 15).\n\n🙏 Prayer:\nO Lord, purify my intentions. Let me serve for love of You and neighbor, never for selfish gain. Keep me humble, and build true peace within and around me. Amen."
2026-06-23,"🔔 DAY 174 (TUE, JUNE 23, 2026) ⛰️ AMH – DAY 40 OF 40\n📖 Judges 10–11\n\n🛐 Daily Insight (Swedenborg-inspired):\nRepeated cycles of turning away and returning to God depict the patient mercy of the Lord. Even when we have wandered far, He longs for our return and answers our cries for help. Jephthah’s vow teaches us to consider carefully what we offer the Lord, seeking a pure and willing heart rather than outer acts alone (Judges 10:15-16; Arcana Coelestia 6301).\n\n🙏 Prayer:\nLord, forgive my wanderings. Draw me back continually, and help my offerings be of a sincere heart and willing service to You. Amen."
2026-06-24,"🔔 DAY 175 (WED, JUNE 24, 2026)\n📖 Judges 12–13\n\n🛐 Daily Insight (Swedenborg-inspired):\nThe persistence of conflicts between the tribes and against external enemies reminds us that progress toward spiritual maturity is gradual. With Samson’s birth foretold, we learn the Lord always provides the means for deliverance—often before we know the solution is needed. Every challenge holds the seed of future strength (Judges 13:3-5).\n\n🙏 Prayer:\nO Lord, help me remember that every trial can become a blessing. Prepare me for victories yet to come and grant me patience in growth. Amen."
2026-06-25,"🔔 DAY 176 (THU, JUNE 25, 2026)\n📖 Judges 14–15\n\n🛐 Daily Insight (Swedenborg-inspired):\nSamson’s feats reflect the potential of spiritual strength when we act in harmony with Divine truth, but also warn of the dangers of misusing our gifts for selfish ends. The Lord desires us to channel our strengths to serve good and be led by Him, not merely by personal desire (Judges 14:6, 14:19).\n\n🙏 Prayer:\nLord, use my gifts and passions for Your purposes. Help me resist selfish motives, and let my strength serve Your kingdom in love. Amen."
2026-06-26,"🔔 DAY 177 (FRI, JUNE 26, 2026)\n📖 Judges 16–17\n\n🛐 Daily Insight (Swedenborg-inspired):\nSamson’s downfall with Delilah shows how spiritual strength is lost when Divine truths are compromised by selfish loves. Yet, even in weakness, calling sincerely on the Lord invites His mercy and a new beginning. Trust in the Lord’s willingness to restore us, no matter how low we fall (Judges 16:28-30).\n\n🙏 Prayer:\nMerciful Lord, guard me from influences that weaken my spirit. In my weakness, lift me up and let Your strength renew my heart. Amen."
2026-06-27,"🔔 DAY 178 (SAT, JUNE 27, 2026)\n📖 Judges 18–19\n\n🛐 Daily Insight (Swedenborg-inspired):\nThe disturbing stories in these chapters reveal the chaos that ensues when truth is abandoned and “everyone does what is right in his own eyes.” They call us to anchor our lives in Divine order and guidance, seeking not our own way but the Lord’s truth and love (Judges 18:1; Judges 19:1).\n\n🙏 Prayer:\nO Lord, be my anchor and guide. Lead me from confusion into the light of Your truth and mercy. May I always seek Your way above my own. Amen."
2026-06-28,"🔔 DAY 179 (SUN, JUNE 28, 2026)\n📖 Judges 20–21\n\n🛐 Daily Insight (Swedenborg-inspired):\nThe final chapters portray sorrow and tragedy when disorder reigns, yet God's mercy shines as hope remains for restoration and peace. Even after devastation, the Lord calls us to rebuild, return, and seek the unity and goodness that come from Him alone (Judges 21:24-25; Arcana Coelestia 6301).\n\n🙏 Prayer:\nLord, bring healing where there has been loss. Gather us into Your peace and help us seek unity and renewal through Your love. Amen."
2026-06-29,"🔔 DAY 180 (MON, JUNE 29, 2026)\n📖 Romans 1–2\n\n🛐 Daily Insight (Swedenborg-inspired):\nPaul’s warning against judging others and his call to inner renewal remind us that true religion is not outward appearance but a life transformed by the Lord. The Lord desires that we seek genuine change in our hearts and lives, rather than justify ourselves while condemning others (Romans 2:1, 28-29; New Jerusalem and Its Heavenly Doctrine 159-160).\n\n🙏 Prayer:\nO Lord, help me look inward and let Your truth transform my spirit. Teach me to judge no one, and to live sincerely from You. Amen."
2026-06-30,"🔔 DAY 181 (TUE, JUNE 30, 2026)\n📖 Romans 3–4\n\n🛐 Daily Insight (Swedenborg-inspired):\nSalvation comes through faith, yet true faith is living—a faith that produces good works out of love for the Lord and neighbor. Like Abraham, we are justified not by our own merits, but by trust in God’s mercy and a willingness to follow Him (Romans 4:3, 16; True Christian Religion 340).\n\n🙏 Prayer:\nLord, let me trust in Your grace, and follow You with a heart willing to serve. Amen."
2026-07-01,"🔔 DAY 182 (WED, JULY 1, 2026)\n📖 Romans 5–6\n\n🛐 Daily Insight (Swedenborg-inspired):\nThrough the Lord’s love, we are raised from spiritual death to life—called to walk in newness, leaving behind the old self. True freedom is not license to sin, but the ability to do good by the Lord’s power (Romans 6:4, 14; Arcana Coelestia 10283:2).\n\n🙏 Prayer:\nLord, help me to die to selfishness, and rise each day in love, joy, and service to You. Amen."
2026-07-02,"🔔 DAY 183 (THU, JULY 2, 2026)\n📖 Romans 7–8\n\n🛐 Daily Insight (Swedenborg-inspired):\nThe struggle between flesh and spirit is real—but through the Lord, victory is possible. He empowers us to overcome lower desires, filling us with peace and new life in His Spirit (Romans 7:22-25; 8:1-2; True Christian Religion 606).\n\n🙏 Prayer:\nLord, in my struggles, fight for me. Send Your Spirit, that I may dwell in Your love and truth. Amen."
2026-07-03,"🔔 DAY 184 (FRI, JULY 3, 2026)\n📖 Romans 9–10\n\n🛐 Daily Insight (Swedenborg-inspired):\nGod’s mercy extends to all who open their hearts to Him, not by heritage but by living faith. The Lord welcomes anyone who hears His Word and allows it to become life within them (Romans 10:12-13; Arcana Coelestia 3926:4).\n\n🙏 Prayer:\nLord, help me to truly hear Your voice and let Your Word become my way of life. Amen."
2026-07-04,"🔔 DAY 185 (SAT, JULY 4, 2026)\n📖 Romans 11–12\n\n🛐 Daily Insight (Swedenborg-inspired):\n“Present your bodies as a living sacrifice”—a call to devote all we do to the Lord. He has a unique use for each of us, and when love and humility guide us, the church becomes one in Him (Romans 12:1, 4-5; Heaven and Hell 56).\n\n🙏 Prayer:\nO Lord, let my life be an offering of service, guided by Your love. Unite us in Your purpose. Amen."
2026-07-05,"🔔 DAY 186 (SUN, JULY 5, 2026)\n📖 Romans 13–14\n\n🛐 Daily Insight (Swedenborg-inspired):\nTo “put on the Lord Jesus Christ” means to live according to His commandments—the law of love. Mutual respect in spiritual matters fosters harmony and growth for all (Romans 13:8-10; 14:19; Charity 166).\n\n🙏 Prayer:\nLord, clothe me in Your love. Help me be gentle with others’ journeys, honoring Your presence in every heart. Amen."
2026-07-06,"🔔 DAY 187 (MON, JULY 6, 2026)\n📖 Romans 15–16\n\n🛐 Daily Insight (Swedenborg-inspired):\nAccepting and bearing with one another, as Christ received us, builds a spiritual community. True unity is in charity and humility—recognizing the Lord as the source of all good (Romans 15:5-7, 16:20; Arcana Coelestia 2385).\n\n🙏 Prayer:\nLord, bless our relationships with patience and forgiveness. Make us one in Your love. Amen."
2026-07-07,"🔔 DAY 188 (TUE, JULY 7, 2026)\n📖 Ruth 1–2\n\n🛐 Daily Insight (Swedenborg-inspired):\nRuth’s devotion and willingness to leave all for Naomi symbolize spiritual loyalty and receptivity. The Lord cherishes a heart that seeks Him sincerely and serves others with kindness (Ruth 1:16-17, 2:12; Arcana Coelestia 4594).\n\n🙏 Prayer:\nLord, grant me Ruth’s spirit—to follow wherever You lead, serving with faith and love. Amen."
2026-07-08,"🔔 DAY 189 (WED, JULY 8, 2026)\n📖 Ruth 3–4\n\n🛐 Daily Insight (Swedenborg-inspired):\nThe story of Ruth and Boaz shows the Lord’s providence in bringing about spiritual union—lifting us from emptiness to fruitfulness through loving kindness and faithfulness (Ruth 4:13-15; Arcana Coelestia 9213).\n\n🙏 Prayer:\nThank You, Lord, for Your redeeming love. Complete in me the union of charity and faith, and bring forth good fruits. Amen."
2026-07-09,"🔔 DAY 190 (THU, JULY 9, 2026)\n📖 1 Corinthians 1–2\n\n🛐 Daily Insight (Swedenborg-inspired):\nTrue wisdom is not the world’s, but the wisdom revealed by the Spirit—centered in the humility and love of the Lord Jesus Christ, who guides us into all truth (1 Corinthians 2:10-12; Divine Love and Wisdom 152).\n\n🙏 Prayer:\nLord, teach me to trust Your wisdom and let Your Spirit give me understanding beyond my own. Amen."
2026-07-10,"🔔 DAY 191 (FRI, JULY 10, 2026)\n📖 1 Corinthians 3–4\n\n🛐 Daily Insight (Swedenborg-inspired):\nWe are “God’s field, God’s building”—called to build our lives on the solid foundation of the Lord’s truth and love, not on human pride or division (1 Corinthians 3:9-11; The Doctrine of Life for the New Jerusalem 64).\n\n🙏 Prayer:\nO Lord, lay Your foundation in my heart. Make me fruitful for Your kingdom, united with others in humble love. Amen."
2026-07-11,"🔔 DAY 192 (SAT, JULY 11, 2026)\n📖 1 Corinthians 5–6\n\n🛐 Daily Insight (Swedenborg-inspired):\nPaul urges self-examination and cleansing of inner evils, for our bodies and souls are meant to be “temples of the Holy Spirit.” True holiness is living according to the Lord’s presence within (1 Corinthians 6:19-20; Arcana Coelestia 10829).\n\n🙏 Prayer:\nLord, purify me. Dwell in me and make me a vessel for Your love and truth. Amen."
2026-07-12,"🔔 DAY 193 (SUN, JULY 12, 2026)\n📖 1 Corinthians 7\n\n🛐 Daily Insight (Swedenborg-inspired):\nWhether married or single, every state can be blessed when devoted to the Lord. Spiritual union is most important—seeking the Lord’s guidance in all relationships and life choices (1 Corinthians 7:17, 35; Conjugial Love 205).\n\n🙏 Prayer:\nLord, let every aspect of my life be guided by Your wisdom and devoted to Your service. Amen."
2026-07-13,"🔔 DAY 194 (MON, JULY 13, 2026)\n📖 1 Corinthians 8–9\n\n🛐 Daily Insight (Swedenborg-inspired):\nLove is greater than knowledge; acting for the good of others is true spiritual maturity. Freedom is not merely for self, but to serve and uplift one another (1 Corinthians 8:1, 9:19-23; Charity 158).\n\n🙏 Prayer:\nLord, let love be the rule of my freedom. Guide me to use all gifts for the benefit of others. Amen."
2026-07-14,"🔔 DAY 195 (TUE, JULY 14, 2026)\n📖 1 Corinthians 10–11\n\n🛐 Daily Insight (Swedenborg-inspired):\nPaul’s lessons on spiritual discipline and holy communion point us to self-examination and remembrance of the Lord in all we do. Spiritual nourishment comes from the Lord’s living presence (1 Corinthians 10:16, 11:28; Arcana Coelestia 8682:2).\n\n🙏 Prayer:\nLord, help me to walk rightly before You, and receive Your presence with a humble, grateful heart. Amen."
2026-07-15,"🔔 DAY 196 (WED, JULY 15, 2026)\n📖 1 Corinthians 12–13\n\n🛐 Daily Insight (Swedenborg-inspired):\nThe many gifts and uses in the church are united in love, which is the Lord’s life itself among us. “Love never fails”—it is the everlasting bond that gives purpose and value to all things (1 Corinthians 12:4-7; 13:1-8; Arcana Coelestia 1285).\n\n🙏 Prayer:\nLord, fill me with Your love. Help me to appreciate the gifts of others and to serve with humility and joy. Amen."
2026-07-16,"🔔 DAY 197 (THU, JULY 16, 2026)\n📖 1 Corinthians 14\n\n🛐 Daily Insight (Swedenborg-inspired):\nSpiritual gifts are for the building up of others. Enlightenment and guidance from the Lord are to be communicated in ways that edify and bring peace to the community (1 Corinthians 14:12, 26, 33; Heaven and Hell 268).\n\n🙏 Prayer:\nO Lord, use my words and actions to lift others and to bring Your peace and order into our midst. Amen."
2026-07-17,"🔔 DAY 198 (FRI, JULY 17, 2026)\n📖 1 Corinthians 15\n\n🛐 Daily Insight (Swedenborg-inspired):\nPaul’s teaching on resurrection reminds us that spiritual life is eternal; the Lord promises transformation to all who live in Him—raising us from the natural to the spiritual (1 Corinthians 15:42-44, 53-54; Heaven and Hell 316).\n\n🙏 Prayer:\nLord, strengthen my hope in eternal life. Help me daily to be renewed in Your likeness. Amen."
2026-07-18,"🔔 DAY 199 (SAT, JULY 18, 2026)\n📖 1 Corinthians 16\n\n🛐 Daily Insight (Swedenborg-inspired):\nPaul’s closing exhortations urge us to “stand firm in the faith, be strong, let all that you do be done in love.” Perseverance, generosity, and humble service build up the Lord’s kingdom (1 Corinthians 16:13-14; New Jerusalem and Its Heavenly Doctrine 51).\n\n🙏 Prayer:\nO Lord, help me stand firm in faith, serve others in love, and persevere in all good works for Your glory. Amen."
2026-07-19,"🔔 DAY 200 (SUN, JULY 19, 2026)\n📖 1 Samuel 1–2\n\n🛐 Daily Insight (Swedenborg-inspired):\nHannah brings her sorrow honestly before the Lord, and then offers back to Him the son for whom she prayed. Her prayer teaches us to place both our grief and our blessings in the Lord’s hands. True worship is not merely words or ceremony; it becomes real when gratitude leads us to a life of useful love and faithful service (1 Samuel 1:15-18, 27-28; 2:1-3; New Jerusalem and Its Heavenly Doctrine 124).\n\n🙏 Prayer:\nO Lord, receive the concerns of my heart and teach me to trust You with what I cannot control. Help me give back to You, through my life, the blessings You have given me. Amen."
2026-07-20,"🔔 DAY 201 (MON, JULY 20, 2026)\n📖 1 Samuel 3–4\n\n🛐 Daily Insight (Swedenborg-inspired):\nSamuel’s response, “Speak; for thy servant heareth,” is the posture of a heart ready to receive Divine guidance. The loss of the ark also warns that holy outward things cannot save us when we do not live by the truths they represent. The Lord seeks a willing obedience that hears His Word and puts it into life (1 Samuel 3:9-10; 4:3-11; True Christian Religion 109).\n\n🙏 Prayer:\nO Lord, speak through Your Word and give me a listening heart. Keep me from relying on outward religion alone, and lead me to live according to Your truth. Amen."
2026-07-21,"🔔 DAY 202 (TUE, JULY 21, 2026)\n📖 1 Samuel 5–6\n\n🛐 Daily Insight (Swedenborg-inspired):\nThe ark could not be treated as an object to be possessed or controlled. Its presence among the Philistines reveals that Divine things are holy and powerful, even when people misuse or misunderstand them. Let us approach the Word with reverence, allowing its truth to correct us rather than trying to bend it to our wishes (1 Samuel 5:1-7; 6:19-20; True Christian Religion 220).\n\n🙏 Prayer:\nO Lord, teach me to approach Your Word humbly and reverently. Correct what is false in me, and help me receive Your truth as a guide for my life. Amen."
2026-07-22,"🔔 DAY 203 (WED, JULY 22, 2026)\n📖 1 Samuel 7–8\n\n🛐 Daily Insight (Swedenborg-inspired):\nSamuel calls Israel to put away its false gods and turn its heart to the Lord. Yet soon afterward the people ask for a king so that they can be like the nations around them. We also face the choice between seeking the Lord’s guidance and allowing worldly standards, fears, or ambitions to rule our decisions (1 Samuel 7:3-4; 8:5-7, 19-20; New Jerusalem and Its Heavenly Doctrine 126).\n\n🙏 Prayer:\nO Lord, turn my heart away from the idols of self, status, and worldly approval. Rule my thoughts and choices, and teach me to follow You above all else. Amen."
2026-07-23,"🔔 DAY 204 (THU, JULY 23, 2026)\n📖 1 Samuel 9–10\n\n🛐 Daily Insight (Swedenborg-inspired):\nSaul begins his calling with humility, even hiding among the baggage when he is to be presented as king. The Lord can use our small and ordinary circumstances to lead us toward our responsibilities. Humility is not refusing a useful calling; it is acknowledging that every ability and opportunity comes from the Lord (1 Samuel 9:20-21; 10:21-24; True Christian Religion 355).\n\n🙏 Prayer:\nO Lord, help me accept the uses You place before me without pride or fear. Let me remember that all strength for doing good comes from You. Amen."
2026-07-24,"🔔 DAY 205 (FRI, JULY 24, 2026)\n📖 1 Samuel 11–12\n\n🛐 Daily Insight (Swedenborg-inspired):\nIn Samuel’s farewell, he urges the people to fear the Lord, serve Him in truth, and remember the great things He has done. The past becomes spiritually useful when it leads us to gratitude, humility, and a renewed determination to live faithfully today (1 Samuel 11:13-15; 12:20-24; New Jerusalem and Its Heavenly Doctrine 163).\n\n🙏 Prayer:\nO Lord, help me remember Your mercies with gratitude. Keep me faithful in the duties of this day, and teach me to serve You with my whole heart. Amen."
2026-07-25,"🔔 DAY 206 (SAT, JULY 25, 2026)\n📖 1 Samuel 13–14\n\n🛐 Daily Insight (Swedenborg-inspired):\nSaul acts impatiently instead of waiting for the Lord’s command, while Jonathan steps forward in trust that “there is no restraint to the LORD to save by many or by few.” Spiritual strength does not rest in numbers, appearances, or our own urgency, but in trusting the Lord and acting from the truth we have been given (1 Samuel 13:8-14; 14:6-7; Arcana Coelestia 1664).\n\n🙏 Prayer:\nO Lord, save me from impatient self-reliance. Give me courage to do what is right, trusting that the victory in every spiritual conflict comes from You. Amen."
2026-07-26,"🔔 DAY 207 (SUN, JULY 26, 2026)\n📖 1 Samuel 15–16\n\n🛐 Daily Insight (Swedenborg-inspired):\nSaul’s failure shows the danger of partial obedience and self-justification. David’s anointing reminds us that the Lord sees beyond outward appearance to the heart. Real repentance means recognizing our particular evils and turning from them, not merely defending what we have done (1 Samuel 15:13-23; 16:7; New Jerusalem and Its Heavenly Doctrine 160-165).\n\n🙏 Prayer:\nO Lord, search my heart and show me where I excuse what is wrong. Give me a willing spirit that listens, obeys, and seeks to be changed by You. Amen."
2026-07-27,"🔔 DAY 208 (MON, JULY 27, 2026)\n📖 1 Samuel 17\n\n🛐 Daily Insight (Swedenborg-inspired):\nDavid meets Goliath not in confidence in himself, but in the name of the Lord. In the internal sense, David’s victory represents the Lord’s Divine truth defending His people against falsity and evil. When fears seem overwhelming, we can remember that the Lord fights for those who look to Him (1 Samuel 17:45-47; Apocalypse Explained 781[12]; Arcana Coelestia 1664).\n\n🙏 Prayer:\nO Lord, when fear and doubt rise up against me, strengthen me with Your truth. Help me trust in Your power rather than my own ability. Amen."
2026-07-28,"🔔 DAY 209 (TUE, JULY 28, 2026)\n📖 1 Samuel 18–19\n\n🛐 Daily Insight (Swedenborg-inspired):\nJonathan’s faithful love for David stands in sharp contrast with Saul’s envy and suspicion. Envy turns another person’s good into a threat, while charity rejoices in what is good and seeks the neighbor’s welfare. Ask the Lord to replace jealousy with gratitude and generous love (1 Samuel 18:1-4, 8-9; 19:4-5; True Christian Religion 392).\n\n🙏 Prayer:\nO Lord, remove envy and resentment from my heart. Teach me to rejoice in the good of others and to act with the loyalty and kindness of true friendship. Amen."
2026-07-29,"🔔 DAY 210 (WED, JULY 29, 2026)\n📖 1 Samuel 20–21\n\n🛐 Daily Insight (Swedenborg-inspired):\nJonathan protects David at personal cost, keeping covenant even when it is difficult. David, fleeing in need, receives bread at Nob. The Lord often provides help through people who choose faithfulness, courage, and mercy over self-protection (1 Samuel 20:16-17, 41-42; 21:1-6; New Jerusalem and Its Heavenly Doctrine 124).\n\n🙏 Prayer:\nO Lord, make me trustworthy in my promises and compassionate toward those in need. Provide what I need today, and show me how I may be a help to another. Amen."
2026-07-30,"🔔 DAY 211 (THU, JULY 30, 2026)\n📖 1 Samuel 22–23\n\n🛐 Daily Insight (Swedenborg-inspired):\nDavid repeatedly asks the Lord for guidance while under pressure. Saul, by contrast, allows fear and self-interest to lead him into cruelty. In spiritual struggles, the Lord invites us to seek His direction rather than react from anger, panic, or the desire to protect ourselves at another’s expense (1 Samuel 22:17-19; 23:2, 4, 9-12; Arcana Coelestia 1664).\n\n🙏 Prayer:\nO Lord, guide my decisions when I feel pressured or afraid. Keep me from harmful reactions, and lead me in the path of wisdom, courage, and mercy. Amen."
2026-07-31,"🔔 DAY 212 (FRI, JULY 31, 2026)\n📖 1 Samuel 24–25\n\n🛐 Daily Insight (Swedenborg-inspired):\nDavid refuses to take revenge on Saul, leaving judgment to the Lord. Abigail’s wise and humble intervention turns David away from bloodshed. The Lord calls us to pause before acting from anger and to choose the peace that comes from humility, truth, and mercy (1 Samuel 24:6, 12; 25:32-35; New Jerusalem and Its Heavenly Doctrine 167).\n\n🙏 Prayer:\nO Lord, restrain my anger and desire for revenge. Give me the wisdom to pause, the humility to listen, and the strength to choose peace. Amen."
2026-08-01,"🔔 DAY 213 (SAT, AUGUST 1, 2026)\n📖 1 Samuel 26–27\n\n🛐 Daily Insight (Swedenborg-inspired):\nDavid again spares Saul when he has the chance to harm him. This patience does not deny evil; it refuses to become evil in response to evil. The Lord teaches us to resist what is wrong while guarding our own hearts against hatred and vindictiveness (1 Samuel 26:8-11, 23-24; New Jerusalem and Its Heavenly Doctrine 167).\n\n🙏 Prayer:\nO Lord, help me stand against evil without becoming ruled by anger. Preserve my heart in patience, integrity, and trust in Your justice. Amen."
2026-08-02,"🔔 DAY 214 (SUN, AUGUST 2, 2026)\n📖 1 Samuel 28–29\n\n🛐 Daily Insight (Swedenborg-inspired):\nSaul’s fearful turn to a medium reveals the spiritual danger of seeking guidance apart from the Lord. When we close ourselves to Divine truth through disobedience, confusion grows. The answer is not to seek darker or merely worldly sources of certainty, but to return humbly to the Lord and His Word (1 Samuel 28:5-7; 28:15-19; True Christian Religion 220).\n\n🙏 Prayer:\nO Lord, keep me from seeking direction in anything opposed to Your truth. In times of confusion, turn me back to Your Word, Your commandments, and Your peace. Amen."
2026-08-03,"🔔 DAY 215 (MON, AUGUST 3, 2026)\n📖 1 Samuel 30–31\n\n🛐 Daily Insight (Swedenborg-inspired):\nAt Ziklag, David is deeply distressed, yet he “encouraged himself in the LORD his God.” Even in grief and loss, he seeks Divine guidance and acts with generosity toward those who were too weak to continue. The Lord can restore courage and teach us to share His blessings with others (1 Samuel 30:6-8, 21-26; New Jerusalem and Its Heavenly Doctrine 124).\n\n🙏 Prayer:\nO Lord, strengthen me when I am discouraged. Lead me forward one step at a time, and make me generous with the comfort and help You give me. Amen."
2026-08-04,"🔔 DAY 216 (TUE, AUGUST 4, 2026)\n📖 2 Corinthians 1–2\n\n🛐 Daily Insight (Swedenborg-inspired):\nPaul calls the Lord “the Father of mercies, and the God of all comfort,” who comforts us so that we may comfort others. The comfort we receive is not meant to remain with us alone; it becomes charity when it moves us to support those who are suffering (2 Corinthians 1:3-4; 2:7-8; True Christian Religion 392).\n\n🙏 Prayer:\nO Lord, comfort me in my trials and make me a source of comfort to others. Teach me to forgive, encourage, and strengthen those who need Your mercy. Amen."
2026-08-05,"🔔 DAY 217 (WED, AUGUST 5, 2026)\n📖 2 Corinthians 3–4\n\n🛐 Daily Insight (Swedenborg-inspired):\nPaul contrasts the letter without life with the Spirit who gives life, and he speaks of the light of God shining in our hearts. The Lord’s truth is meant to transform the inner person, gradually renewing us even amid outward difficulties (2 Corinthians 3:6, 18; 4:6, 16; True Christian Religion 109).\n\n🙏 Prayer:\nO Lord, shine Your light into my heart. Renew my inner life, and help me see temporary troubles in the light of Your eternal love and purpose. Amen."
2026-08-06,"🔔 DAY 218 (THU, AUGUST 6, 2026)\n📖 2 Corinthians 5–6\n\n🛐 Daily Insight (Swedenborg-inspired):\nPaul proclaims that anyone in Christ is a new creation and calls us to be reconciled to God. Reconciliation becomes real as we turn away from the evils that separate us from the Lord and begin a new life shaped by charity and faith (2 Corinthians 5:17-20; 6:1-2; New Jerusalem and Its Heavenly Doctrine 161, 165).\n\n🙏 Prayer:\nO Lord, reconcile me to You. Help me leave behind the patterns that oppose Your love and become, day by day, a new person through Your power. Amen."
2026-08-07,"🔔 DAY 219 (FRI, AUGUST 7, 2026)\n📖 2 Corinthians 7–8\n\n🛐 Daily Insight (Swedenborg-inspired):\nGodly sorrow leads to repentance because it does not merely regret consequences; it turns the heart toward a changed life. Paul also commends generosity that flows willingly from love. The Lord asks for a sincere heart that both turns from evil and delights in doing good (2 Corinthians 7:10; 8:7-12; New Jerusalem and Its Heavenly Doctrine 163, 165).\n\n🙏 Prayer:\nO Lord, give me a repentance that truly changes my life. Open my heart to generosity, so that I may gladly share what You have entrusted to me. Amen."
2026-08-08,"🔔 DAY 220 (SAT, AUGUST 8, 2026)\n📖 2 Corinthians 9–10\n\n🛐 Daily Insight (Swedenborg-inspired):\nCheerful giving and spiritual warfare belong together in Paul’s teaching. The Lord invites us to give freely, while also casting down the proud thoughts and false reasonings that oppose His truth. Spiritual combat is fought not against people, but against evils and falsities within and around us (2 Corinthians 9:7; 10:3-5; Arcana Coelestia 1664).\n\n🙏 Prayer:\nO Lord, make me cheerful in giving and humble in mind. Help me bring every thought into obedience to Your truth and resist what draws me away from You. Amen."
2026-08-09,"🔔 DAY 221 (SUN, AUGUST 9, 2026)\n📖 2 Corinthians 11–13\n\n🛐 Daily Insight (Swedenborg-inspired):\nPaul learns that the Lord’s grace is sufficient and that Divine power is made perfect in weakness. Our weaknesses can become places of blessing when they teach us to stop trusting ourselves and to depend on the Lord, who alone gives life to faith and charity (2 Corinthians 12:9-10; 13:5; True Christian Religion 355).\n\n🙏 Prayer:\nO Lord, in my weakness let me lean on Your strength. Help me examine my life honestly and receive Your grace with humility and gratitude. Amen."
2026-08-10,"🔔 DAY 222 (MON, AUGUST 10, 2026)\n📖 2 Samuel 1–2\n\n🛐 Daily Insight (Swedenborg-inspired):\nDavid mourns Saul and Jonathan rather than celebrating the death of one who had pursued him. His lament teaches us to reject the pleasure of another’s downfall. In the internal sense, David’s song points to truth from good in spiritual combat; yet its natural lesson is also clear—grief, honor, and mercy are stronger than revenge (2 Samuel 1:17-27; Apocalypse Explained 357[3]).\n\n🙏 Prayer:\nO Lord, remove from me every delight in another person’s failure. Give me a merciful heart that honors what is good and seeks peace wherever possible. Amen."
2026-08-11,"🔔 DAY 223 (TUE, AUGUST 11, 2026)\n📖 2 Samuel 3–4\n\n🛐 Daily Insight (Swedenborg-inspired):\nThe violence and betrayal surrounding David’s rise to power show how easily people pursue their own advantage through unjust means. The Lord’s kingdom is not built by manipulation, revenge, or the sacrifice of others. We are called to do what is right and honest in every responsibility entrusted to us (2 Samuel 3:26-29, 37-39; 4:9-12; New Jerusalem and Its Heavenly Doctrine 128).\n\n🙏 Prayer:\nO Lord, keep me from seeking advantage at another’s expense. Give me integrity in my words, choices, and responsibilities. Amen."
2026-08-12,"🔔 DAY 224 (WED, AUGUST 12, 2026)\n📖 2 Samuel 5–6\n\n🛐 Daily Insight (Swedenborg-inspired):\nDavid becomes king over all Israel and brings the ark toward Jerusalem with joy and reverence. Yet Uzzah’s death reminds us that zeal must be joined with obedience to Divine order. The Lord calls us to worship with gladness, but also with a humble willingness to be instructed by His truth (2 Samuel 5:1-5; 6:6-15; True Christian Religion 220).\n\n🙏 Prayer:\nO Lord, fill my worship with joy, reverence, and obedience. Help me welcome Your presence into every part of my life. Amen."
2026-08-13,"🔔 DAY 225 (THU, AUGUST 13, 2026)\n📖 2 Samuel 7–8\n\n🛐 Daily Insight (Swedenborg-inspired):\nDavid desires to build a house for the Lord, but the Lord reminds him that every blessing begins with Divine initiative. The Lord establishes David’s house and promises His enduring care. Our good intentions become fruitful when we first recognize that the Lord is building His life within us (2 Samuel 7:18-22, 25-29; True Christian Religion 355).\n\n🙏 Prayer:\nO Lord, thank You for every good desire You awaken in me. Build Your dwelling within my heart, and guide me to serve Your purposes in humility. Amen."
2026-08-14,"🔔 DAY 226 (FRI, AUGUST 14, 2026)\n📖 2 Samuel 9–10\n\n🛐 Daily Insight (Swedenborg-inspired):\nDavid shows kindness to Mephibosheth for Jonathan’s sake, restoring dignity to one who could not repay him. This portrays the spirit of genuine charity: doing good without seeking credit, advantage, or return. Misunderstanding and suspicion can distort even peaceful intentions, so we need patience and clear goodwill (2 Samuel 9:1-13; 10:1-4; New Jerusalem and Its Heavenly Doctrine 167).\n\n🙏 Prayer:\nO Lord, make me kind toward those who are vulnerable or overlooked. Help me do good freely and respond patiently when my intentions are misunderstood. Amen."
2026-08-15,"🔔 DAY 227 (SAT, AUGUST 15, 2026)\n📖 2 Samuel 11–12\n\n🛐 Daily Insight (Swedenborg-inspired):\nDavid’s sin begins with desire allowed to grow into action, deception, and harm. When Nathan says, “Thou art the man,” David acknowledges his sin. This is the beginning of real repentance: seeing the evil in ourselves, accepting responsibility before the Lord, and turning to a new life (2 Samuel 11:2-5, 14-17; 12:7, 13; New Jerusalem and Its Heavenly Doctrine 160-165).\n\n🙏 Prayer:\nO Lord, give me the honesty to see my sins without excuse. Lead me into true repentance, and help me live a new life according to Your commandments. Amen."
2026-08-16,"🔔 DAY 228 (SUN, AUGUST 16, 2026)\n📖 2 Samuel 13–14\n\n🛐 Daily Insight (Swedenborg-inspired):\nThese painful chapters show how unaddressed evil, anger, and vengeance can tear families apart. Healing requires more than ignoring what has happened; it requires truth, repentance, justice, and a change of heart. The Lord calls us to face evil honestly while refusing to let hatred rule our response (2 Samuel 13:19-22, 28-33; 14:24, 28-33; New Jerusalem and Its Heavenly Doctrine 164-165).\n\n🙏 Prayer:\nO Lord, bring Your healing where hurt and resentment have taken root. Give me courage to face what is wrong and grace to resist hatred and revenge. Amen."
2026-08-17,"🔔 DAY 229 (MON, AUGUST 17, 2026)\n📖 2 Samuel 15–16\n\n🛐 Daily Insight (Swedenborg-inspired):\nAbsalom wins hearts through flattery while secretly pursuing power. David’s flight from Jerusalem is filled with grief, yet he leaves the outcome in the Lord’s hands. We need discernment against appearances that charm but lack integrity, and trust when circumstances are beyond our control (2 Samuel 15:2-6, 13-14, 25-26; 16:10-12; New Jerusalem and Its Heavenly Doctrine 164).\n\n🙏 Prayer:\nO Lord, give me discernment to recognize what is sincere and what is false. When I cannot control events, help me entrust myself to Your care. Amen."
2026-08-18,"🔔 DAY 230 (TUE, AUGUST 18, 2026)\n📖 2 Samuel 17–18\n\n🛐 Daily Insight (Swedenborg-inspired):\nDavid’s grief over Absalom reveals a father’s love even for a rebellious son. The chapter also shows the tragic results of pride and rebellion. The Lord’s love never delights in anyone’s spiritual ruin; He continually works to lead every person away from evil and toward life (2 Samuel 17:14; 18:5, 33; New Jerusalem and Its Heavenly Doctrine 163).\n\n🙏 Prayer:\nO Lord, give me a heart that loves without excusing evil. Help me grieve over what destroys life and work patiently for reconciliation and healing. Amen."
2026-08-19,"🔔 DAY 231 (WED, AUGUST 19, 2026)\n📖 2 Samuel 19–20\n\n🛐 Daily Insight (Swedenborg-inspired):\nDavid returns to Jerusalem and must rebuild a divided kingdom. The wise woman of Abel prevents destruction by acting with courage and good judgment. Peace is often preserved through people who choose wisdom over violence and seek the common good rather than factional victory (2 Samuel 19:9-15; 20:16-22; New Jerusalem and Its Heavenly Doctrine 124).\n\n🙏 Prayer:\nO Lord, make me a peacemaker in places of division. Give me wise words, a calm spirit, and a desire to seek what serves the good of all. Amen."
2026-08-20,"🔔 DAY 232 (THU, AUGUST 20, 2026)\n📖 2 Samuel 21–22\n\n🛐 Daily Insight (Swedenborg-inspired):\nDavid’s song gives thanks to the Lord as his rock, fortress, and deliverer. The battles in these histories can remind us of the deeper spiritual conflicts against evil and falsity, conflicts in which the Lord alone gives victory. Our part is to look to Him and live from the truth He gives (2 Samuel 22:2-4, 30, 33-35; Arcana Coelestia 1664).\n\n🙏 Prayer:\nO Lord, You are my rock and deliverer. Strengthen me in spiritual conflict, and let Your truth guide my steps into peace. Amen."
2026-08-21,"🔔 DAY 233 (FRI, AUGUST 21, 2026)\n📖 2 Samuel 23–24\n\n🛐 Daily Insight (Swedenborg-inspired):\nDavid’s final words praise the righteous ruler who rules in the fear of God. At the end of the book, David refuses to offer to the Lord that which costs him nothing. Love for the Lord calls for a sincere offering of our own will—our time, our effort, and our willingness to turn from what is wrong (2 Samuel 23:3-4; 24:24-25; New Jerusalem and Its Heavenly Doctrine 161).\n\n🙏 Prayer:\nO Lord, teach me to offer You a sincere heart, not empty words. Rule my life with Your justice, mercy, and truth. Amen."
2026-08-22,"🔔 DAY 234 (SAT, AUGUST 22, 2026)\n📖 Galatians 1–2\n\n🛐 Daily Insight (Swedenborg-inspired):\nPaul insists that the gospel is not a human invention and warns against turning from its truth. He also teaches that life in the Lord produces a new way of living: “Christ liveth in me.” Faith is living when it is joined with charity and receives its life from the Lord (Galatians 1:6-10; 2:20; True Christian Religion 355).\n\n🙏 Prayer:\nO Lord, keep me grounded in Your truth. Live within me, and let my faith become visible in a life of love and obedience. Amen."
2026-08-23,"🔔 DAY 235 (SUN, AUGUST 23, 2026)\n📖 Galatians 3–4\n\n🛐 Daily Insight (Swedenborg-inspired):\nPaul teaches that through the Lord we become children of God and heirs of His promise. Religious knowledge and outward forms are not the goal; the Lord desires to form a new heart within us. We are invited to receive the freedom of those who live from love rather than from fear and self-merit (Galatians 3:26-29; 4:4-7, 19; True Christian Religion 392).\n\n🙏 Prayer:\nO Lord, form Your life within me. Help me receive Your love as Your child and live with the freedom, gratitude, and trust that come from You. Amen."
2026-08-24,"🔔 DAY 236 (MON, AUGUST 24, 2026)\n📖 Galatians 5–6\n\n🛐 Daily Insight (Swedenborg-inspired):\nChristian freedom is not permission to follow selfish desires; it is freedom to serve one another through love. The fruit of the Spirit describes a life in which the Lord’s goodness becomes active in our attitudes and deeds. We reap what we sow, so let us persist in doing good (Galatians 5:13, 16, 22-23; 6:7-10; True Christian Religion 376).\n\n🙏 Prayer:\nO Lord, lead me in Your Spirit. Grow love, joy, peace, patience, and self-control in me, and strengthen me not to grow weary in doing good. Amen."
2026-08-25,"🔔 DAY 237 (TUE, AUGUST 25, 2026)\n📖 1 Kings 1–2\n\n🛐 Daily Insight (Swedenborg-inspired):\nDavid’s final charge to Solomon is to be strong and keep the Lord’s commandments. Spiritual strength is not hardness or self-assertion; it is the courage to live by Divine truth amid the complexities of life. The Lord gives us strength as we choose what is right (1 Kings 2:2-4; New Jerusalem and Its Heavenly Doctrine 128).\n\n🙏 Prayer:\nO Lord, make me strong in the goodness that comes from You. Help me keep Your commandments faithfully and act with wisdom in every responsibility. Amen."
2026-08-26,"🔔 DAY 238 (WED, AUGUST 26, 2026)\n📖 1 Kings 3–4\n\n🛐 Daily Insight (Swedenborg-inspired):\nSolomon asks not for wealth or power but for an understanding heart to discern between good and evil. This is a prayer the Lord delights to answer. Spiritual wisdom begins with humility—the recognition that we need the Lord to teach us how to judge rightly and serve others well (1 Kings 3:7-12; New Jerusalem and Its Heavenly Doctrine 164).\n\n🙏 Prayer:\nO Lord, give me an understanding heart. Teach me to discern good from evil, truth from falsity, and the useful path from the merely self-serving one. Amen."
2026-08-27,"🔔 DAY 239 (THU, AUGUST 27, 2026)\n📖 1 Kings 5–6\n\n🛐 Daily Insight (Swedenborg-inspired):\nSolomon’s temple was built with care, order, and beauty. In New Christian teaching, the temple represents heaven and the church, and in the highest sense the Lord’s Divine Human. As we read of its construction, we can pray that the Lord will build a dwelling place of wisdom and love within us (1 Kings 5:5; 6:7, 29-30; True Christian Religion 221).\n\n🙏 Prayer:\nO Lord, build Your temple within my heart. Bring my thoughts, affections, words, and actions into the order of Your wisdom and love. Amen."
2026-08-28,"🔔 DAY 240 (FRI, AUGUST 28, 2026)\n📖 1 Kings 7\n\n🛐 Daily Insight (Swedenborg-inspired):\nThe detailed work of the temple furnishings reminds us that even outward things can serve holy purposes when they are ordered toward the Lord. Our daily work, practical skills, and responsibilities can become acts of worship when they are done honestly, usefully, and from love for the neighbor (1 Kings 7:13-14, 40-51; New Jerusalem and Its Heavenly Doctrine 128).\n\n🙏 Prayer:\nO Lord, bless the ordinary work of my hands. Help me do every task honestly, carefully, and as a use that serves You and my neighbor. Amen."
2026-08-29,"🔔 DAY 241 (SAT, AUGUST 29, 2026)\n📖 1 Kings 8\n\n🛐 Daily Insight (Swedenborg-inspired):\nAt the dedication of the temple, Solomon acknowledges that heaven itself cannot contain the Lord, yet asks Him to hear prayer and forgive those who turn back to Him. The Lord is infinitely above us, yet intimately present with every repentant heart (1 Kings 8:27-30, 33-35; True Christian Religion 221; New Jerusalem and Its Heavenly Doctrine 160-161).\n\n🙏 Prayer:\nO Lord, You are greater than all heaven and yet near to me in prayer. Hear me, forgive me, and turn my heart again and again toward You. Amen."
2026-08-30,"🔔 DAY 242 (SUN, AUGUST 30, 2026)\n📖 1 Kings 9–10\n\n🛐 Daily Insight (Swedenborg-inspired):\nThe Lord tells Solomon that the temple’s holiness must be joined with integrity of heart and obedience. The Queen of Sheba recognizes the wisdom given to Solomon. Wisdom is beautiful when it leads us to honor the Lord and live according to His commandments, rather than merely admire knowledge (1 Kings 9:3-9; 10:6-9; New Jerusalem and Its Heavenly Doctrine 124).\n\n🙏 Prayer:\nO Lord, give me wisdom that changes the way I live. Keep my heart sincere, and help me use every gift You give me for what is good and true. Amen."
2026-08-31,"🔔 DAY 243 (MON, AUGUST 31, 2026)\n📖 1 Kings 11–12\n\n🛐 Daily Insight (Swedenborg-inspired):\nSolomon’s heart is gradually turned by loves that draw him away from the Lord, and the kingdom becomes divided. Small compromises with self-love and worldly love can slowly weaken spiritual life. The Lord calls us to examine what rules our affections and return to wholehearted devotion (1 Kings 11:1-10; 12:26-30; New Jerusalem and Its Heavenly Doctrine 164-165).\n\n🙏 Prayer:\nO Lord, reveal anything that is turning my heart away from You. Unite my divided thoughts and desires, and lead me back into wholehearted faithfulness. Amen."
2026-09-01,"🔔 DAY 244 (TUE, SEPTEMBER 1, 2026)\n📖 1 Kings 13–14\n\n🛐 Daily Insight (Swedenborg-inspired):\nThe man of God is led astray when he accepts a message that contradicts the command he had received. Jeroboam also continues in false worship despite warning. We need to remain faithful to the Lord’s truth rather than follow voices that merely confirm what we want to believe (1 Kings 13:18-19; 14:7-10; True Christian Religion 220).\n\n🙏 Prayer:\nO Lord, give me discernment and steadfastness. Keep me from accepting falsehood because it is convenient, and help me remain faithful to Your Word. Amen."
2026-09-02,"🔔 DAY 245 (WED, SEPTEMBER 2, 2026)\n📖 1 Kings 15–16\n\n🛐 Daily Insight (Swedenborg-inspired):\nThe repeated record of kings who “did evil in the sight of the LORD” shows how easily one generation can continue the spiritual failures of another. Yet Asa’s reforms show that inherited patterns need not rule us. With the Lord’s help, we can remove what is harmful and choose a different path (1 Kings 15:11-14; 16:25-26; New Jerusalem and Its Heavenly Doctrine 163).\n\n🙏 Prayer:\nO Lord, help me recognize and reject harmful patterns in my life. Give me courage to choose what is good, true, and faithful to You. Amen."
2026-09-03,"🔔 DAY 246 (THU, SEPTEMBER 3, 2026)\n📖 1 Kings 17–18\n\n🛐 Daily Insight (Swedenborg-inspired):\nElijah’s life shows the Lord’s care in times of drought, scarcity, and conflict. On Mount Carmel, the issue is clear: the people must no longer halt between two opinions, but turn their hearts to the Lord. In our own spiritual droughts, the Lord calls us to renewed trust and wholehearted worship (1 Kings 17:13-16; 18:21, 36-39; New Jerusalem and Its Heavenly Doctrine 126).\n\n🙏 Prayer:\nO Lord, sustain me in times of spiritual dryness. Turn my heart fully toward You, and help me trust that Your love can provide what I need. Amen."
2026-09-04,"🔔 DAY 247 (FRI, SEPTEMBER 4, 2026)\n📖 1 Kings 19–20\n\n🛐 Daily Insight (Swedenborg-inspired):\nElijah, exhausted and discouraged, is met by the Lord with rest, food, and a “still small voice.” The Lord’s guidance is not always found in dramatic events; often He gently restores us and directs us one faithful step at a time (1 Kings 19:5-8, 11-13; 19:15-18; New Jerusalem and Its Heavenly Doctrine 163).\n\n🙏 Prayer:\nO Lord, meet me in my weariness. Quiet my anxious thoughts, restore my strength, and help me listen for Your gentle guidance. Amen."
2026-09-05,"🔔 DAY 248 (SAT, SEPTEMBER 5, 2026)\n📖 1 Kings 21–22\n\n🛐 Daily Insight (Swedenborg-inspired):\nAhab’s desire for Naboth’s vineyard becomes destructive when joined with Jezebel’s deceit and injustice. Later, Ahab prefers false prophets who tell him what he wants to hear. The Lord calls us to love justice, respect our neighbor’s rights, and welcome truth even when it challenges us (1 Kings 21:7-16, 25-29; 22:6-8; New Jerusalem and Its Heavenly Doctrine 124).\n\n🙏 Prayer:\nO Lord, guard me from selfish desire and from believing only what pleases me. Give me a love for justice and a humble willingness to receive Your truth. Amen."
2026-09-06,"🔔 DAY 249 (SUN, SEPTEMBER 6, 2026)\n📖 Ephesians 1–2\n\n🛐 Daily Insight (Swedenborg-inspired):\nPaul describes the Lord’s desire to enlighten the eyes of our understanding and to make us alive in Him. We are saved from a life of evil so that we may become His workmanship, created for good works. Faith and charity receive their life from the Lord and come to expression in useful deeds (Ephesians 1:17-19; 2:8-10; True Christian Religion 355, 376).\n\n🙏 Prayer:\nO Lord, enlighten my understanding and make me alive in Your love. Lead me into the good works You prepare for me to do today. Amen."
2026-09-07,"🔔 DAY 250 (MON, SEPTEMBER 7, 2026)\n📖 Ephesians 3–4\n\n🛐 Daily Insight (Swedenborg-inspired):\nPaul prays that we may be rooted and grounded in love, and he calls us to put off the old self and put on the new. This renewal is practical: speaking truth, refusing anger, working honestly, and building others up with our words (Ephesians 3:17-19; 4:22-25, 29-32; New Jerusalem and Its Heavenly Doctrine 165).\n\n🙏 Prayer:\nO Lord, root me deeply in Your love. Renew my mind and help me speak, work, and act in ways that build others up. Amen."
2026-09-08,"🔔 DAY 251 (TUE, SEPTEMBER 8, 2026)\n📖 Ephesians 5–6\n\n🛐 Daily Insight (Swedenborg-inspired):\nPaul calls us to walk in love, walk as children of light, and put on the whole armor of God. Spiritual warfare is the conflict of truth against falsity and of good against evil. The Lord supplies the armor: truth, righteousness, faith, and the Word (Ephesians 5:1-2, 8-10; 6:10-18; Arcana Coelestia 1664).\n\n🙏 Prayer:\nO Lord, clothe me with Your truth and righteousness. Help me walk in love and stand firm against every evil and false thought that opposes You. Amen."
2026-09-09,"🔔 DAY 252 (WED, SEPTEMBER 9, 2026)\n📖 2 Kings 1–2\n\n🛐 Daily Insight (Swedenborg-inspired):\nAhaziah seeks help from a false god instead of the Lord, while Elisha faithfully follows Elijah until the end. Where we turn in times of uncertainty reveals what we trust. The Lord invites us to seek Him sincerely and to remain faithful in the path of service set before us (2 Kings 1:2-4; 2:2, 6, 9-10; New Jerusalem and Its Heavenly Doctrine 126).\n\n🙏 Prayer:\nO Lord, turn me away from false sources of security. Help me seek You first and remain faithful in the work and calling You give me. Amen."
2026-09-10,"🔔 DAY 253 (THU, SEPTEMBER 10, 2026)\n📖 2 Kings 3–4\n\n🛐 Daily Insight (Swedenborg-inspired):\nIn these accounts, the Lord provides water in a dry land, oil for a widow, food for others, and life for a child. The Lord’s providence reaches into practical human needs. He calls us to bring what little we have in trust and to use it in service to others (2 Kings 3:16-18; 4:1-7, 38-44; New Jerusalem and Its Heavenly Doctrine 124).\n\n🙏 Prayer:\nO Lord, provide for the needs of my life and teach me to trust Your care. Show me how to use what I have to bring help and hope to others. Amen."
2026-09-11,"🔔 DAY 254 (FRI, SEPTEMBER 11, 2026)\n📖 2 Kings 5–6\n\n🛐 Daily Insight (Swedenborg-inspired):\nNaaman is healed when he humbles himself and obeys the simple instruction given through Elisha. His healing reminds us that pride resists the very means by which the Lord can restore us. The Lord asks us to receive His truth simply and to put it into practice (2 Kings 5:10-14; 6:16-17; New Jerusalem and Its Heavenly Doctrine 161).\n\n🙏 Prayer:\nO Lord, remove my pride and make me willing to obey Your simple guidance. Open my eyes to see that Your protection and help are nearer than I realize. Amen."
2026-09-12,"🔔 DAY 255 (SAT, SEPTEMBER 12, 2026)\n📖 2 Kings 7–8\n\n🛐 Daily Insight (Swedenborg-inspired):\nThe lepers who discover abundance refuse to keep the good news to themselves: “we do not well” if they remain silent. Blessings become fuller when shared. The Lord gives us truth, encouragement, and practical resources not only for ourselves but also for the good of others (2 Kings 7:8-9, 16; New Jerusalem and Its Heavenly Doctrine 124).\n\n🙏 Prayer:\nO Lord, keep me from holding Your blessings selfishly. Help me share hope, truth, and practical kindness with those around me. Amen."
2026-09-13,"🔔 DAY 256 (SUN, SEPTEMBER 13, 2026)\n📖 2 Kings 9–10\n\n🛐 Daily Insight (Swedenborg-inspired):\nJehu is used to bring judgment upon the house of Ahab and destroy Baal worship, yet he does not wholly walk in the Lord’s law. Removing one evil is not enough if the heart still clings to other self-serving loves. The Lord calls for a complete turning of life toward Him (2 Kings 10:28-31; New Jerusalem and Its Heavenly Doctrine 169).\n\n🙏 Prayer:\nO Lord, help me not to settle for partial change. Show me the evils I still protect, and lead me into a wholehearted life of obedience and love. Amen."
2026-09-14,"🔔 DAY 257 (MON, SEPTEMBER 14, 2026)\n📖 2 Kings 11–12\n\n🛐 Daily Insight (Swedenborg-inspired):\nJoash begins well, and the temple is repaired through the willing gifts of the people. Repairing the Lord’s house can picture the renewal of worship and spiritual life: what has been neglected must be restored through sincere devotion and useful action (2 Kings 11:17-18; 12:4-15; True Christian Religion 221).\n\n🙏 Prayer:\nO Lord, restore what has grown neglected in my spiritual life. Renew my worship, strengthen my commitment, and help me contribute gladly to what serves Your kingdom. Amen."
2026-09-15,"🔔 DAY 258 (TUE, SEPTEMBER 15, 2026)\n📖 2 Kings 13–14\n\n🛐 Daily Insight (Swedenborg-inspired):\nElisha tells Joash to strike the ground with arrows, but the king stops too soon. The lesson is one of spiritual persistence: we should not become halfhearted in resisting the evils we recognize. The Lord gives strength for ongoing conflict as we continue to look to Him (2 Kings 13:17-19; Arcana Coelestia 8555).\n\n🙏 Prayer:\nO Lord, give me perseverance in spiritual growth. When I face recurring weakness, help me keep turning to You and never grow careless in the fight for what is good. Amen."
2026-09-16,"🔔 DAY 259 (WED, SEPTEMBER 16, 2026)\n📖 2 Kings 15–16\n\n🛐 Daily Insight (Swedenborg-inspired):\nIn a time of instability, King Ahaz looks to foreign power and even imitates a foreign altar rather than trusting the Lord. When fear rules us, we may look for solutions that compromise what we know is true. The Lord calls us back to trust, integrity, and faithful worship (2 Kings 16:7-10, 15-18; New Jerusalem and Its Heavenly Doctrine 128).\n\n🙏 Prayer:\nO Lord, keep fear from ruling my choices. Help me trust You rather than compromise truth for the sake of immediate security. Amen."
2026-09-17,"🔔 DAY 260 (THU, SEPTEMBER 17, 2026)\n📖 2 Kings 17\n\n🛐 Daily Insight (Swedenborg-inspired):\nThe fall of Israel is traced to persistent turning away from the Lord and following other gods. This sober chapter reminds us that spiritual decline is not sudden; it grows through repeated choices to neglect truth and embrace what is contrary to Divine life. Yet the Lord continually calls us to return (2 Kings 17:7-15, 35-39; New Jerusalem and Its Heavenly Doctrine 165).\n\n🙏 Prayer:\nO Lord, preserve me from gradual spiritual decline. Help me notice the small departures from Your ways and return to You with a sincere and willing heart. Amen."
2026-09-18,"🔔 DAY 261 (FRI, SEPTEMBER 18, 2026)\n📖 2 Kings 18–19\n\n🛐 Daily Insight (Swedenborg-inspired):\nHezekiah faces an overwhelming threat, but he brings the enemy’s message into the house of the Lord and prays. When fears speak loudly, we too can lay them before the Lord rather than letting them rule our minds. The Lord is able to defend and deliver beyond what we can see (2 Kings 18:5-7; 19:14-19, 32-35; Arcana Coelestia 1664).\n\n🙏 Prayer:\nO Lord, I bring my fears before You. Defend me from discouragement and falsehood, and give me peace through trust in Your saving power. Amen."
2026-09-19,"🔔 DAY 262 (SAT, SEPTEMBER 19, 2026)\n📖 2 Kings 20–21\n\n🛐 Daily Insight (Swedenborg-inspired):\nHezekiah turns to the Lord in illness and receives mercy, but later his pride leads him to display his treasures. His story reminds us to receive blessings humbly and remain watchful even after times of deliverance. The Lord calls us to keep our house—inwardly and outwardly—in order (2 Kings 20:2-6, 12-17; New Jerusalem and Its Heavenly Doctrine 163-165).\n\n🙏 Prayer:\nO Lord, receive my prayers in times of need and keep me humble in times of blessing. Set my inner life in order and guard me from pride. Amen."
2026-09-20,"🔔 DAY 263 (SUN, SEPTEMBER 20, 2026)\n📖 2 Kings 22–23\n\n🛐 Daily Insight (Swedenborg-inspired):\nWhen the Book of the Law is found, Josiah listens, humbles himself, and leads the people in reform. The Word becomes living when it leads us to examine our lives, put away what is evil, and renew our covenant with the Lord (2 Kings 22:10-13, 18-20; 23:1-3, 24-25; New Jerusalem and Its Heavenly Doctrine 160-165).\n\n🙏 Prayer:\nO Lord, let Your Word awaken me and lead me to real change. Give me Josiah’s humble heart and the courage to remove what stands between me and You. Amen."
2026-09-21,"🔔 DAY 264 (MON, SEPTEMBER 21, 2026)\n📖 2 Kings 24–25\n\n🛐 Daily Insight (Swedenborg-inspired):\nJerusalem’s fall and the destruction of the temple are deeply sorrowful, showing the devastation that follows long resistance to Divine truth. Yet even in exile, the story closes with a sign of mercy toward Jehoiachin. The Lord never ceases to work toward restoration, and He can sustain hope even after failure and loss (2 Kings 24:18-20; 25:8-12, 27-30; New Jerusalem and Its Heavenly Doctrine 163).\n\n🙏 Prayer:\nO Lord, be with me in every season of loss, consequence, and rebuilding. Sustain hope within me, lead me to repentance, and restore my life through Your mercy. Amen."
